Query,Protein ID,Score,Sequence
T4Rnl2,NP_049790.1,0.999996722,MFKKYSSLENHYNSKFIEKLYSLGLTGGEWVAREKIHGTNFSLIIERDKVTCAKRTGPILPAEDFFGYEIILKNYADSIKAVQDIMETSAVVSYQVFGEFAGPGIQKNVDYCDKDFYVFDIIVTTESGDVTYVDDYMMESFCNTFKFKMAPLLGRGKFEELIKLPNDLDSVVQDYNFTVDHAGLVDANKCVWNAEAKGEVFTAEGYVLKPCYPSWLRNGNRVAIKCKNSKFSEKKKSDKPIKAKVELSEADNKLVGILACYVTLNRVNNVISKIGEIGPKDFGKVMGLTVQDILEETSREGITLTQADNPSLIKKELVKMVQDVLRPAWIELVS
T4Rnl2,YP_009098560.1,0.999549806,MFKKYSSLENHYNSKFIEKLYSLGLTGGEWVAREKIHGTNFSLIIERDKVTCAKRTGPILPAEDFFGYEIILKNYADSIKAVQDIMETSAVVSYQVFGEFAGPGIQKNVDYGDKDFYVFDIIVTTESGDVTYVDDYMMESFCNTFKFKMAPLLGRGKFEELIKLPNDLDSVVQDYNFTVDHAGLVDANKCVWNAEAKGEVFTAEGYVLKPCYPSWLRNGNRVAIKCKNSKFSEKKKSDKPIKAKVELSEADNKLVGILACYVTLNRVNNVISKIGEIGPKDFGKVMGLTVQDILEETSREGITLTQADNPSLIKKELVKMVQDVLRPAWIELVS
T4Rnl2,YP_010075982.1,0.999159217,MFKKYSSLENHYNSKFIEKLYSLGLTGGEWVAREKIHGTNFSLIIERDKVTCAKRTGPILPAEDFFGYEIILKNYSDSIKAVQDIMETSAVVSYQVFGEFAGPGIQKNVDYGDKDFYVFDIIVTTESGDVTYVDDYMMESFCNTFKFKMAPLLGRGKFEELIKLPNDLDSVVQDYNFTVDHAGLVDANKCVWNAEAKGEVFTAEGYVLKPCYPSWLRNGNRVAIKCKNSKFSEKKKSDKPIKAKVELSEADNKLVGILACYVTLNRVNNVISKIGEIGPKDFGKVMGLTVQDILEETSREGITLTQADNPSLIKKELVKMVQDVLRPAWIELVS
T4Rnl2,YP_010071381.1,0.99904418,MFKKYSSLENHYNSKFIEKLYSLGLTGGEWVAREKIHGTNFSLIIERDKVTCAKRTGPILPAEDFFGYEIILKNYADSIKAVQDIMETSAVVSYQVFGEFAGPGIQKNVDYGDKDFYVFDIIVTTESGDVTYVDDYMMESFCNTFKFKMAPLLGRGKFEELIKLPNDLDSVVQDYNFTVDHAGLVDANKCVWNAEAKGEVFTAEGYVLKPCYPSWMPNGNRVAIKCKNSKFSEKKKSDKPIKAKVELSEADNKLVGILACYVTLNRVNNVISKIGEIGPKDFGKVMGLTVQDILEETSREGITLTQADNPSLIKKELVKMVQDVLRPAWIELVS
T4Rnl2,YP_010073193.1,0.998978019,MFKKYSSLENHYNSKFIEKLYSLGLTGGEWVAREKIHGTNFSLIIERDKVTCAKRTGPILPAEDFFGYEIILKNYADSIKAVQDIMETSAVVSYQVFGEFAGPGIQKNVDYGDKDFYVFDIIVTTESGDVTYVDDYMMESFCNTFKFKMAPLLGRGKFEELIKLPNDLDSVVQDYNFTVDHAGLVDANKCVWNAEAKGEVFTAEGYVLKPCYPSWLHNGNRVAIKCKNSKFSEKKKSDKPIKAKVELSEADNKLVGILACYVTLNRVNNVISKIGEIGPKDFGKVMGLTVQDILEETSREGITLAQADNPSLIKKELVKMVQDVLRPAWIELVS
T4Rnl2,YP_010072465.1,0.998826385,MFKKYSSLENHYNSKFIEKLYSLGLTGGEWVAREKIHGTNFSLIIERDKVTCAKRTGPILPAEDFFGYEIILKNYADSIKAVQDIMETSAVVSYQVFGEFAGPGIQKNVDYGDKDFYVFDIIVTTESGDVTYVDDYMMESFCNTFKFKMAPLLGRGKFEELIKLPNDLDSVVQDYNFTVDHAGLVDANKCVWNAEVKGEVFTAEGYVLKPCYPSWMPNGNRVAIKCKNSKFSEKKKSDKPIKAKVELSEADNKLVGILACYVTLNRVNNVISKIGEIGPKDFGKVMGLTVQDILEETSREGITLTQADNPSLIKKELVKMVQDVLRPAWIELVS
T4Rnl2,YP_010069469.1,0.998795152,MFKKYSSLENHYNSKFIEKLYSLGLTGGEWVAREKIHGTNFSLIIERDKVTCAKRTGPILPAEDFFGYEIILKNYADSIKAVQDIMETSAVVSYQVFGEFAGPGIQKNVDYGDKDFYVFDIIVTTESGDVTYVDDYMMESFCNTFKFKMAPLLGRGKFEELIKLPNDLDSVVQDYNFTVDHAGLVDANKCVWNAEAKGEVFTAEGYVLKPCYPSWLPNRNRVAIKCKNSKFSEKKKSDKPIKAKVELSEADNKLVGILACYVTLNRVNNVISKIGEIGPKDFGKVMGLTVQDILEETSREGITLTQADNPSLIKKELVKMVQDVLRPAWIELVS
T4Rnl2,YP_010067058.1,0.998795152,MFKKYSSLENHYNSKFIEKLYSLGLTGGEWVAREKIHGTNFSLIIERDKVTCAKRTGPILPAEDFFGYEIILKNYADSIKAVQDIMETSAVVSYQVFGEFAGPGIQKNVDYGDKDFYVFDIIVTTESGDVTYVDDYMMESFCNTFKFKMAPLLGRGKFEELIKLPNDLDSVVQDYNFTVDHAGLVDANKCVWNAEAKGEVFTAEGYVLKPCYPSWLPNRNRVAIKCKNSKFSEKKKSDKPIKAKVELSEADNKLVGILACYVTLNRVNNVISKIGEIGPKDFGKVMGLTVQDILEETSREGITLTQADNPSLIKKELVKMVQDVLRPAWIELVS
T4Rnl2,YP_010067322.1,0.998795152,MFKKYSSLENHYNSKFIEKLYSLGLTGGEWVAREKIHGTNFSLIIERDKVTCAKRTGPILPAEDFFGYEIILKNYADSIKAVQDIMETSAVVSYQVFGEFAGPGIQKNVDYGDKDFYVFDIIVTTESGDVTYVDDYMMESFCNTFKFKMAPLLGRGKFEELIKLPNDLDSVVQDYNFTVDHAGLVDANKCVWNAEAKGEVFTAEGYVLKPCYPSWLPNRNRVAIKCKNSKFSEKKKSDKPIKAKVELSEADNKLVGILACYVTLNRVNNVISKIGEIGPKDFGKVMGLTVQDILEETSREGITLTQADNPSLIKKELVKMVQDVLRPAWIELVS
T4Rnl2,YP_010065546.1,0.998795152,MFKKYSSLENHYNSKFIEKLYSLGLTGGEWVAREKIHGTNFSLIIERDKVTCAKRTGPILPAEDFFGYEIILKNYADSIKAVQDIMETSAVVSYQVFGEFAGPGIQKNVDYGDKDFYVFDIIVTTESGDVTYVDDYMMESFCNTFKFKMAPLLGRGKFEELIKLPNDLDSVVQDYNFTVDHAGLVDANKCVWNAEAKGEVFTAEGYVLKPCYPSWLPNRNRVAIKCKNSKFSEKKKSDKPIKAKVELSEADNKLVGILACYVTLNRVNNVISKIGEIGPKDFGKVMGLTVQDILEETSREGITLTQADNPSLIKKELVKMVQDVLRPAWIELVS
T4Rnl2,YP_010074118.1,0.998795152,MFKKYSSLENHYNSKFIEKLYSLGLTGGEWVAREKIHGTNFSLIIERDKVTCAKRTGPILPAEDFFGYEIILKNYADSIKAVQDIMETSAVVSYQVFGEFAGPGIQKNVDYGDKDFYVFDIIVTTESGDVTYVDDYMMESFCNTFKFKMAPLLGRGKFEELIKLPNDLDSVVQDYNFTVDHAGLVDANKCVWNAEAKGEVFTAEGYVLKPCYPSWLPNRNRVAIKCKNSKFSEKKKSDKPIKAKVELSEADNKLVGILACYVTLNRVNNVISKIGEIGPKDFGKVMGLTVQDILEETSREGITLTQADNPSLIKKELVKMVQDVLRPAWIELVS
T4Rnl2,YP_009290443.1,0.998795152,MFKKYSSLENHYNSKFIEKLYSLGLTGGEWVAREKIHGTNFSLIIERDKVTCAKRTGPILPAEDFFGYEIILKNYADSIKAVQDIMETSAVVSYQVFGEFAGPGIQKNVDYGDKDFYVFDIIVTTESGDVTYVDDYMMESFCNTFKFKMAPLLGRGKFEELIKLPNDLDSVVQDYNFTVDHAGLVDANKCVWNAEAKGEVFTAEGYVLKPCYPSWLPNRNRVAIKCKNSKFSEKKKSDKPIKAKVELSEADNKLVGILACYVTLNRVNNVISKIGEIGPKDFGKVMGLTVQDILEETSREGITLTQADNPSLIKKELVKMVQDVLRPAWIELVS
T4Rnl2,YP_009197280.1,0.998795152,MFKKYSSLENHYNSKFIEKLYSLGLTGGEWVAREKIHGTNFSLIIERDKVTCAKRTGPILPAEDFFGYEIILKNYADSIKAVQDIMETSAVVSYQVFGEFAGPGIQKNVDYGDKDFYVFDIIVTTESGDVTYVDDYMMESFCNTFKFKMAPLLGRGKFEELIKLPNDLDSVVQDYNFTVDHAGLVDANKCVWNAEAKGEVFTAEGYVLKPCYPSWLPNRNRVAIKCKNSKFSEKKKSDKPIKAKVELSEADNKLVGILACYVTLNRVNNVISKIGEIGPKDFGKVMGLTVQDILEETSREGITLTQADNPSLIKKELVKMVQDVLRPAWIELVS
T4Rnl2,YP_010065973.1,0.998795152,MFKKYSSLENHYNSKFIEKLYSLGLTGGEWVAREKIHGTNFSLIIERDKVTCAKRTGPILPAEDFFGYEIILKNYADSIKAVQDIMETSAVVSYQVFGEFAGPGIQKNVDYGDKDFYVFDIIVTTESGDVTYVDDYMMESFCNTFKFKMAPLLGRGKFEELIKLPNDLDSVVQDYNFTVDHAGLVDANKCVWNAEAKGEVFTAEGYVLKPCYPSWLPNRNRVAIKCKNSKFSEKKKSDKPIKAKVELSEADNKLVGILACYVTLNRVNNVISKIGEIGPKDFGKVMGLTVQDILEETSREGITLTQADNPSLIKKELVKMVQDVLRPAWIELVS
T4Rnl2,YP_009153775.1,0.998795152,MFKKYSSLENHYNSKFIEKLYSLGLTGGEWVAREKIHGTNFSLIIERDKVTCAKRTGPILPAEDFFGYEIILKNYADSIKAVQDIMETSAVVSYQVFGEFAGPGIQKNVDYGDKDFYVFDIIVTTESGDVTYVDDYMMESFCNTFKFKMAPLLGRGKFEELIKLPNDLDSVVQDYNFTVDHAGLVDANKCVWNAEAKGEVFTAEGYVLKPCYPSWLPNRNRVAIKCKNSKFSEKKKSDKPIKAKVELSEADNKLVGILACYVTLNRVNNVISKIGEIGPKDFGKVMGLTVQDILEETSREGITLTQADNPSLIKKELVKMVQDVLRPAWIELVS
T4Rnl2,YP_009030783.1,0.998672843,MFKKYSSLENHYNSKFIEKLYSLGLTGGEWVAREKIHGTNFSLIIERDKVTCAKRTGPILPAEDFFGYEIILKNYADSIKAVQDIMETSAVVSYQVFGEFAGPGIQKNVDYGDKDFYVFDIIVTTESGDVTYVDDYMMESFCNTFKFKMAPLLGRGKFEELIKLPNDLDSVVQDYNFTVDHAGLVDANKCVWNAEAKGEVFTAEGYVLKPCYPSWLRNGNRVAIKCKNSKFSEKKKSDKPIKAKVELSEANNKLVGILACYVTLNRVNNVISKIGEIGPKDFGKVMGLTVQDILEETSREGITLTQADNPSLIKKELVKMVQDVLRPAWIELVS
T4Rnl2,YP_010076375.1,0.998663962,MFKKYSSLENHYNSKFIEKLYSLGLTGGEWVAREKIHGTNFSLIIERDKVTCAKRTGPILPAEDFFGYEIILKNYADSIKAVQDIMETSAVVTYQVFGEFAGPGIQKNVDYGDKDFYVFDIIVTTESGDVTYVDDYMMESFCNTFKFKMAPLLGRGKFEELIKLPNDLDSVVQDYNFTVDHAGLVDANKCVWNAEAKGEVFTAEGYVLKPCYPSWLPNRNRVAIKCKNSKFSEKKKSDKPIKAKVELSEADNKLVGILACYVTLNRVNNVISKIGEIGPKDFGKVMGLTVQDILEETSREGITLTQADNPSLIKKELVKMVQDVLRPAWIELVS
T4Rnl2,YP_009614828.1,0.998659074,MFKKYSSLENHYNSKFIEKLYSLGLAGGEWVAREKIHGTNFSLIIERDKVTCAKRTGPILPAEDFFGYEIILKNYADSIKAVQDIMETSAVVSYQVFGEFAGPGIQKNVDYGDKDFYVFDIIVTTESGDVTYVDDYMMESFCNTFKFKMAPLLGRGKFEELIKLPNDLDSVVQDYNFTVDHAGLVDANKCVWNAEAKGEVFTAEGYVLKPCYPSWLPNRNRVAIKCKNSKFSEKKKSDKPIKAKVELSEADNKLVGILACYVTLNRVNNVISKIGEIGPKDFGKVMGLTVQDILEETSREGITLTQADNPSLIKKELVKMVQDVLRPAWIELVS
T4Rnl2,YP_009167991.1,0.998646319,MFKKYSSLENHYNSKFIEKLYSLGLTGGEWVAREKIHGTNFSLIIERDKVTCAKRTGPILPAEDFFGYEIILKNYADSIKAVQDIMETSAVVSYQVFGEFAGPGIQKNVDYGDKDFYVFDIIVTTESGDMTYVDDYMMESFCNTFKFKMAPLLGRGKFEELIKLPNDLDSVVQDYNFTVDHAGLVDANKCVWNAEAKGEVFTAEGYVLKPCYPSWLPNRNRVAIKCKNSKFSEKKKSDKPIKAKVELSEADNKLVGILACYVTLNRVNNVISKIGEIGPKDFGKVMGLTVQDILEETSREGITLTQADNPSLIKKELVKMVQDVLRPAWIELVS
T4Rnl2,YP_007004917.1,0.998646319,MFKKYSSLENHYNSKFIEKLYSLGLTGGEWVAREKIHGTNFSLIIERDKVTCAKRTGPILPAEDFFGYEIILKNYADSIKAVQDIMETSAVVSYQVFGEFAGPGIQKNVDYGDKDFYVFDIIVTTESGDMTYVDDYMMESFCNTFKFKMAPLLGRGKFEELIKLPNDLDSVVQDYNFTVDHAGLVDANKCVWNAEAKGEVFTAEGYVLKPCYPSWLPNRNRVAIKCKNSKFSEKKKSDKPIKAKVELSEADNKLVGILACYVTLNRVNNVISKIGEIGPKDFGKVMGLTVQDILEETSREGITLTQADNPSLIKKELVKMVQDVLRPAWIELVS
T4Rnl2,YP_009277549.1,0.998567998,MFKKYSSLENHYNSKFIEKLYSLGLTGGEWVAREKIHGTNFSLIIERDKVTCAKRTGPILPAEDFFGYEIILKNYEDSIKAVQDIMETSAVVSYQVFGEFAGPGIQKNVDYGDKDFYVFDIIVTTESGDVTYVDDYMMESFCNTFKFKMAPLLGRGKFEELIKLPNDLDSVVQDYNFTVDHAGLVDANKCIWNAEAKGEVFTAEGYVLKPCYPSWLHNGNRVAIKCKNSKFSEKKKSDKPIKAKVELSEADNKLVGILACYVTLNRVNNVISKIGEIGPKDFGKVMGLTVQDILEETSREGITLTQADNPSLVKKELVKMVQDVLRPAWIELVS
T4Rnl2,YP_007004553.1,0.998550117,MFKKYSSLENHYNSKFIEKLYSLGLTGGEWVAREKIHGTNFSLIIERDKVTCAKRTGPILPAEDFFGYEIILKNYADSIKAVQDIMETSAVVSYQVFGEFAGPGIQKNVDYGDKDFYVFDIIVTTESGDVTYVDDYMMESFCNTFKFKMAPLLGRGKFEELIKLPNDLDSVVQDYNFTVDHAGLVDANKCVWNAEAKGEVFTAEGYVLKPCYPSWLPNRNRVAIKCKNSKFSEKKKSDKPIKAKVELSEADNKLVGILACYVTLNRVNNVISKIGEIGPKDFGKVMGLTVQDILEETSREGITLAQADNPSLIKKELVKMVQDVLRPAWIELVS
T4Rnl2,YP_010074379.1,0.998550117,MFKKYSSLENHYNSKFIEKLYSLGLTGGEWVAREKIHGTNFSLIIERDKVTCAKRTGPILPAEDFFGYEIILKNYADSIKAVQDIMETSAVVSYQVFGEFAGPGIQKNVDYGDKDFYVFDIIVTTESGDVTYVDDYMMESFCNTFKFKMAPLLGRGKFEELIKLPNDLDSVVQDYNFTVDHAGLVDANKCVWNAEAKGEVFTAEGYVLKPCYPSWLPNRNRVAIKCKNSKFSEKKKSDKPIKAKVELSEADNKLVGILACYVTLNRVNNVISKIGEIGPKDFGKVMGLTVQDILEETSREGITLAQADNPSLIKKELVKMVQDVLRPAWIELVS
T4Rnl2,YP_010065819.1,0.99843663,MFKKYSSLENHYNSKFIEKLYSLGLTGGEWVAREKIHGTNFSLIIERDKVTCAKRTGPILPAEDFFGYEIILKNYADSIKAVQDIMETSAVVSYQVFGEFAGPGIQKNVDYGDKDFYVFDIIVTTESGDVTYVDDYVMESFCNTFKFKMAPLLGRGKFEELIKLPNDLDSVVQDYNFTVDHAGLVDANKCVWNAEAKGEVFTAEGYVLKPCYPSWLPNRNRVAIKCKNSKFSEKKKSDKPIKAKVELSEADNKLVGILACYVTLNRVNNVISKIGEIGPKDFGKVMGLTVQDILEETSREGITLTQADNPSLIKKELVKMVQDVLRPAWIELVS
T4Rnl2,YP_010077676.1,0.998428822,MFKKYSSLENHYNSKFIEKLYSLGLTGGEWVAREKIHGTNFSLIIERDKVTCAKRTGPILPAEDFFGYEIILKNYEDSIKAVQDIMETSAVVSYQVFGEFAGPGIQKNVDYGDKDFYVFDIIVTTESGDVTYVDDYMMESFCNTFKFKMAPLLGRGKFEELIKLPNDLDSVVQDYNFTVDHAGLVDANKCVWKAEAKGEVFTAEGYVLKPCYPSWLHNGNRVAIKCKNSKFSEKKKSDKPIKAKVELSEADNKLVGILACYVTLNRVNNVISKIGEIGPKDFGKVMGLTVQDILEETSREGITLTQADNPSLVKKELVKMVQDVLRPAWIELVS
T4Rnl2,YP_009102379.1,0.998370767,MFKKYSSLENHYNSKFIEKLYSLGLTGGEWVAREKIHGTNFSLIIERDKVTCAKRTGPILPAEDFFGYEIILKNYADSIKAVQDIMETSAVVSYQVFGEFAGPGIQKNVDYGDKDFYVFDIIVTTESGDVTYVDDYMMESFCNTFKFKMAPLLGRGKFEELIKLPNDLDSVVQDYNFTVDHAGLVDANKCVWNAEAKGEVFTAEGYVLKPCYPSWLPNRNRVAIKCKNSKFSEKKKFDKPIKAKVELSEADNKLVGILACYVTLNRVNNVISKIGEIGPKDFGKVMGLTVQDILEETSREGITLTQADNPSLIKKELVKMVQDVLRPAWIELVS
T4Rnl2,YP_009618985.1,0.998320997,MFKKYSSLENHYNSKFIEKLYSLGLTGGEWVAREKIHGTNFSLIIERDKVTCAKRTGPILPAEDFFGHEIILKNYADSIKAVQDIMETSAVVSYQVFGEFAGPGIQKNVDYGDKDFYVFDIIVTTESGDVTYVDDYMMESFCNTFKFKMAPLLGRGKFEELIKLPNDLDSVVQDYNFTVDHAGLVDANKCVWNAEVKGEVFTAEGYVLKPCYPSWMPNGNRVAIKCKNSKFSEKKKSDKPIKAKVELSEADNKLVGILACYVTLNRVNNVISKIGEIGPKDFGKVMGLTVQDILEETSREGITLTQADNPSLIKKELVKMVQDVLRPAWIELVS
T4Rnl2,YP_010091481.1,0.998269796,MFKKYSSLENHYNSKFIEKLYSLGLTGGEWVAREKIHGTNFSLIIERDKVTCAKRTGPILPAEDFFGYEIILKNYSDSIKAVQDIMETSAVVSYQVFGEFAGPGIQKNVDYGDKDFYVFDIIVTTESGDVTYVDDYMMESFCNTFKFKMAPLLGRGKFEELIKLPNDLDSVVQDYNFTVDHAGLVDANKCVWNAEVKGEVFTAEGYVLKPCYPSWMPNGNRVAIKCKNSKFSEKKKSDKPIKAKVELSEADNKLVGILACYVTLNRVNNVISKIGEIGPKDFGKVMGLTVQDILEETSREGITLTQADNPSLIKKELVKMVQDVLRPAWIELVS
T4Rnl2,YP_010228784.1,0.998269796,MFKKYSSLENHYNSKFIEKLYSLGLTGGEWVAREKIHGTNFSLIIERDKVTCAKRTGPILPAEDFFGYEIILKNYSDSIKAVQDIMETSAVVSYQVFGEFAGPGIQKNVDYGDKDFYVFDIIVTTESGDVTYVDDYMMESFCNTFKFKMAPLLGRGKFEELIKLPNDLDSVVQDYNFTVDHAGLVDANKCVWNAEVKGEVFTAEGYVLKPCYPSWMPNGNRVAIKCKNSKFSEKKKSDKPIKAKVELSEADNKLVGILACYVTLNRVNNVISKIGEIGPKDFGKVMGLTVQDILEETSREGITLTQADNPSLIKKELVKMVQDVLRPAWIELVS
T4Rnl2,YP_009102648.1,0.998258114,MFKKYSSLENHYNSKFIEKLYSLGLTGGEWVAREKIHGTNFSLIIERDKVTCAKRTGPILPAEDFFGYEIILKNYADSIKAVQDIMETSAVVSYQVFGEFAGPGIQKNVDYGDKDFYVFDIIVTTESGDVTYVDDYMMESFCNTFKFKMAPLLGRGKFEELIKLPNDLDSVVQDYNFTVDHAGLVDANKCIWNAEAKGEVFTAEGYVLKPCYPSWLPNRNRVAIKCKNSKFSEKKKSDKPIKAKVELSEADNKLVGILACYVTLNRVNNVISKIGEIGPKDFGKVMGLTVQDILEETSREGIILTQADNPSLIKKELVKMVQDVLRPAWIELVS
T4Rnl2,YP_009110995.1,0.998224378,MFKKYSSLENHYNSKFIEKLYSLGLTGGEWVAREKIHGTNFSLIIERDKVTCAKRTGPILPAEDFFGYEIILKNYADSIKAVQDIMETSAVVSYQVFGEFAGPGIQKNVDYGDKDFYVFDIIVTTESGDVTYVDDYMMESFCNTFKFKMAPLLGRGKFEELIKLPNDLDSVVQDYNFTVDHAGLVDANKCVWNAEAKCEVFTAEGYVLKPCYPSWLPNRNRVAIKCKNSKFSEKKKSDKPIKAKVELSEADNKLVGILACYVTLNRVNNVISKIGEIGPKDFGKVMGLTVQDILEETSREGITLTQADSPSLVKKELVKMVQDVLRPAWIELVS
T4Rnl2,YP_010070278.1,0.998173535,MFKKYSSLENHYNSKFIEKLYSLGLTGGEWVAREKIHGTNFSLIIERDKVTCAKRTGPILPAEDFFGYEIILKNYEDSIKAVQDIMETSAVVSYQVFGEFAGPGIQKNVDYGDKDFYVFDIIVTTESGDVTYVDDYMMESFCNTFKFKMAPLLGRGKFEELIKLPNDLDSVVQDYNFTVDHAGLVDANKCVWKAEAKGEVFTAEGYVLKPCYPSWLHNGNRVAIKCKNSKFSEKKKSDKPIKAKVELSEADNKLVGILACYVTLNRVNNVISKIGEIGPKDFGKVMGLTVQDILEETSREGITLTRADNPSLVKKELVKMVQDVLRPAWIELVS
T4Rnl2,YP_010077167.1,0.998101056,MFKKYSSLENHYNSKFIEKLYSLGLTGGEWVAREKIHGTNFSLIIERDKVTCAKRTGPILPAEDFFGYEIILKNYEDSIKAVQDIMETSAVVSYQVFGEFAGPGIQKNVDYGDKDFYVFDIIVTTESGDVTYVDDYMMESFCNTFKFKMAPLLGRGKFEELIKLPNDLDSVVQDYNFTVDHAGLVDANKCVWNAEAKGEVFTAEGYVLKPCYPSWLPNRNRVAIKCKNSKFSEKKKSDKPIKAKVELSEADNKLVGILACYVTLNRVNNVISKIGEIGPKDFGKVMGLTVQDILEETSREGITLTQADNPSLVKKELVKMVQDVLRPAWIELVS
T4Rnl2,YP_010069198.1,0.997976124,MFKKYSSLENHYNSKFIEKLYSLGLTGGEWVAREKIHGTNFSLIIERDKVTCAKRTGPILPAEDFFGYEIILKNYSDSIKAVQDIMETSAVVSYQVFGEFAGSGIQKNVDYGDKDFYVFDIIVTTESGDVTYVDDYMMESFCNTFKFKMAPLLGRGKFEELIKLPNDLDSVVQDYNFTVDHAGLVDANKCVWNAEVKGEVFTAEGYVLKPCYPSWMPNGNRVAIKCKNSKFSEKKKSDKPIKAKVELSEADNKLVGILACYVTLNRVNNVISKIGEIGPKDFGKVMGLTVQDILEETSREGITLTQADNPSLIKKELVKMVQDVLRPAWIELVS
T4Rnl2,YP_010070829.1,0.997958899,MFKKYSSLENHYNSKFIEKLYSLGLTGGEWVAREKIHGTNFSLIIERDKVTCAKRTGPILPAEDFFGYEIILKNYEDSIKAVQDIMETSAVVSYQVFGEFAGPGIQKNVDYGDKDFYVFDIIVTTESGDVTYVDDYMMESFCNTFKFKMAPLLGRGKFEELIKLPNDLDSVVQDYNFTVDHAGLVDANKCVWKAEAKGEVFTAEGYVLKPCYPSWLHNGNRVAIKCKNSKFSEKKKSDKPIKAKVELSEADNKLVGILACYVTLNRVNNVISKIGEIGPKDFGKVMGLTVQDILEETSREGITLTQADNPSLVKKELVKMVQDVLRPTWIELVS
T4Rnl2,YP_010072188.1,0.997722924,MFKKYSSLENHYNSKFIEKLYSLGLTGGKWVAREKIHGTNFSLIIERDKVTCAKRTGPILPAEDFFGYEIILKNYSDSIKAVQDIMETSAVVSYQVFGEFAGPGIQKNVDYGDKDFYVFDIIVTTESGDVTYVDDYMMESFCNTFKFKMAPLLGRGKFEELIKLPNDLDSVVQDYNFTVDHAGLVDANKCVWNAEVKGEVFTAEGYVLKPCYPSWMPNGNRVAIKCKNSKFSEKKKSDKPIKAKVELSEADNKLVGILACYVTLNRVNNVISKIGEIGPKDFGKVMGLTVQDILEETSREGITLTQADNPSLIKKELVKMVQDVLRPAWIELVS
T4Rnl2,YP_010074900.1,0.997706234,MFKKYSSLENHYNSKFIEKLYSLGLTGGEWVAREKIHGTNFSLIIERDKVTCAKRTGPILPAEDFFGYEIILKNYSDSIKAVQDIMETSAVVSYQVFGEFAGPGIQKNVDYGDKDFYVFDIIVTTESGDVTYVDDYMMESFCNTFKFKMAPLLGHGKFEELIKLPNDLDSVVQDYNFTVDHAGLVDANKCVWNAEVKGEVFTAEGYVLKPCYPSWMPNGNRVAIKCKNSKFSEKKKSDKPIKAKVELSEADNKLVGILACYVTLNRVNNVISKIGEIGPKDFGKVMGLTVQDILEETSREGITLTQADNPSLIKKELVKMVQDVLRPAWIELVS
T4Rnl2,YP_010099740.1,0.997657597,MFKKYSSLENHYNSKFIEKLYSLGLTGGEWVAREKIHGTNFSLIIERDKVTCAKRTGPILPTEDFFGYEIILKNYADSIKAVQDIMETSAVVSYQVFGEFAGPGIQKNVDYGDKDFYVFDIIVTTESGDVTYVDDYMMESFCNTFKFKMAPLLGRGKFEELIKLPNDLDSVVQDYNFTVDHAGLVDANKCVWNAEAKGEVFTAEGYVLKPCYPSWLPNRNRVAIKCKNSKFSEKKKSDKPIKVKVELSEADNKLVGILACYVTLNRVNNVISKIGEISPKDFGKVMGLTVQDILEETSREGITLTQADNPSLVKKELVKMVQDVLRPAWIELVS
T4Rnl2,YP_010076791.1,0.997497678,MFKKYSSLENHYNSKFIEKLYSLGLTGGEWVAREKIHGTNFSLIIERDKVTCAKRTGPILPAEDFFGYEIILKNYDDSIKAVQDIMETSAVVSYQVFGEFAGPGIQKNVDYGDKDFYVFDIIVTMESGDVTYVDDYMMESFCNTFKFKIAPLLGRGKFEELIKLPNDLDSVVQDYNFTVDHAGLVDANKCVWNAEAKGEVFTAEGYVLKPCYPSWMPNGNRVAIKCKNSKFSEKKKSDKPIKVKVELSEADNKLVGILACYVTLNRVNNVISKIGEIGPKDFGKVMGLTVQDILEETSREGITLTQADNPSLIKKELVKMVQDVLRPAWIELVS
T4Rnl2,YP_010075070.1,0.997451127,MFKKYSSLENHYNSKFIEKLYSLGLTGGEWVAREKIHGTNFSLIIERDKATCAKRTGPILPAEDFFGYEIILKNYADSIKAVQDIMETSAVVSYQVFGEFAGPGIQKNVDYGDKDFYVFDIIVTTESGDVTYVDDYMMESFCNTFKFKMAPLLGRGKFEELIKLPNDLDSVVQDYNFTVDHAGLVDANKCVWNAEAKGEVFTAEGYVLKPCYPSWLHNGNRVAIKCKNSKFSEKKKSDKPIKVKVELSEADNKLVGILACYVTLNRVNNVISKIGEIGPKDFGKVMGLTVQDILEETSREGITLTQADNPSLIKKELVKMVQDVLRPAWIELVS
T4Rnl2,YP_010074591.1,0.997282803,MFKKYSSLENHYNSKFIEKLYSLGLTGGEWVAREKIHGTNFSLIIERDKVTCAKRTGPILPAEDFFGYEIILKNYADSIKAVQDIMETSAVVSYQVFGEFAGPGIQKNVDYGDKDFYVFDIIVTTESGDVTYVDDYMMESFCNTFKFKMAPLLGRGKFEELIKLQNDLDSVVQDYNFTVDHAGLVDANKCVWNAEAKGEVFTAEGYVLKPCYPSWLRNGNRVAIKCKNSKFSEKKKSDKPIKAKVELSEADNKLVGILACYVTLNRVNNVISKIGEIGPKDFGKVMGLTVQDILEETSREGITLTQADNPSLIKKELVKMVQDVLRPAWIELVS
T4Rnl2,YP_010071648.1,0.997178257,MFKKYSSLENHYNSKFIEKLYSLGLTGGEWVAREKIHGTNFSLIIERDKVTYAKRTGPIIPAEDFFGYEIILKNYADSIKAVQDIMETSAVVSYQVFGEFAGPGIQKNVDYGDKDFYVFDIIVTTESGDVTYVDDYMMESFCNTFKFKMAPLLGRGKFEELIKLPNDLDSVVQDYNFTVDHAGLVDANKCVWNAEAKGEVFTAEGYVLKPCYPSWLPNRNRVAIKCKNSKFSEKKKSDKPIKAKVELSEADNKLVGILACYVTLNRVNNVISKIGEIGPKDFGKVMGLTVQDILEETSREGITLTQADNPSLVKKELVKMVQDVLRPAWIELVS
T4Rnl2,YP_010278302.1,0.99705416,MFKKYSSLENHYNSKFIEKLYSLGLTGGEWVAREKIHGTNFSLIIERDKATCAKRTGPILPAEDFFGYEIILKNYADSIKAVQDIMETSAVVSYQVFGEFAGPGIQKNVDYGDKDFYVFDIIVTTESGDVTYVDDYMMESFCNTFKFKMAPLLGRGKFEELIKLPNDLDSVVQDYNFTVDHAGLVDANKCVWNAEAKGEVFTAEGYVLKPCYPSWMPNGNRVAIKCKNSKFSEKKKSDKPIKAKVELSEADNKLVGILACYVTLNRVNNVISKIGEIGPKDFGKVMGLTVQDILEETSREGITLTQADNPSLIKKELVKMVQDVLRPAWIELVS
T4Rnl2,YP_010069736.1,0.996853173,MFKKYSSLENHYNSKFIEKLYSLGLTGGEWVAREKIHGTNFSLIIERDKATCAKRTGPILPAEDFFGYEIILKNYADSIKAVQDIMETSAVVSYQVFGEFAGPGIQKNVDYGDKDFYVFDIIVTTESGDVTYVDDYMMESFCNTFKFKMAPLLGRGKFEELIKLPNDLDSVVQDYNFTVDHAGLVDANKCVWNAEAKGEVFTAEGYVLKPCYPSWMPNGNRVAIKCKNSKFSEKKKSDKPIKAKVELSEADNKLVGILACYVTLNRVNNVISKIGEIGPKDFGKVMGLTVQDILEETSREGITLTQADNPSLVKKELVKMVQDVLRPAWIELVS
T4Rnl2,YP_010075715.1,0.996199608,MFKKYSSLENHYNSKFIEKLYSLGLTGGEWVAREKIHGTNFSLIIERDKVTCAKRTGPILPAEDFFGYEIILKNYADSIKAVQDIMETSAVVSYQVFGEFAGPGIQKNVDYGDKDFYVFDIIVTTESGDVTYVDDYMMESFCNSFGFKIAPLLGRGKFEELIKLPNDLDSVVQDYNFTVDHAGLVDANKCVWKAEAKGEVFTAEGYVLKPCYPSWLPNRNRVAIKCKNSKFSEKKKSDKPIKAKVELSEADNKLVGILACYVTLNRVNNVISKIGEIGPKDFGKVMGLTVQDILEETSREGITLTQADNPSLVKKELVKMVQDVLRPAWIELVS
T4Rnl2,YP_010072739.1,0.99591738,MFKKYSSLENHYNSKFIEKLYSLGLTGGEWVAREKIHGTNFSLIIERDKVTCAKRTGPILPAEDFFGYEIILKNYADSIKAVQDIMETSAVVSYQVFGEFAGPGIQKNVDYGDKDFYVFDIIVTTESGDVTYVDDYMMESFCNTFKFKMAPLLGRGKFEELIKLPNDLDSVVQDYNFTVDHAGLVDANKCVWNAEAKGEVFTAEGYVLKPCYPSWMPNGNRVAIKCKNSKFSEKKKSDKPIKAKVELSEADNKLLGILACYVTLNRVNNVISKIGEIGPKDFGKVMGLTVQDILEETSREGITLTQADNPSLIKKELVKMVQDVLRPAWIELVS
T4Rnl2,YP_009281510.1,0.99591738,MFKKYSSLENHYNSKFIEKLYSLGLTGGEWVAREKIHGTNFSLIIERDKVTCAKRTGPILPAEDFFGYEIILKNYADSIKAVQDIMETSAVVSYQVFGEFAGPGIQKNVDYGDKDFYVFDIIVTTESGDVTYVDDYMMESFCNTFKFKMAPLLGRGKFEELIKLPNDLDSVVQDYNFTVDHAGLVDANKCVWNAEAKGEVFTAEGYVLKPCYPSWMPNGNRVAIKCKNSKFSEKKKSDKPIKAKVELSEADNKLLGILACYVTLNRVNNVISKIGEIGPKDFGKVMGLTVQDILEETSREGITLTQADNPSLIKKELVKMVQDVLRPAWIELVS
T4Rnl2,YP_010077059.1,0.99581176,MFKKYSSLENHYNSKFIEKLYSLGLTGGEWVAREKIHGTNFSLIIERDKVTCAKRTGPILPAEDFFGYEIILKNYADSIKAVQDIMETSAVVSYQVFGEFAGPGIQKNVDYGDKDFYVFDIIVTTESGGVTYVDDYMMESFCNSFGFKIAPLLGRGKFEDLIKLPNDLDSVVQDYNFTVDHAGLVDANKCVWNAEAKGEVFTAEGYVLKPCYPSWLPNRNRVAIKCKNSKFSEKKKSDKPIKAKVELSEADNKLVGILACYVTLNRVNNVISKIGEIGPKDFGKVMGLTVQDILEETSREGITLTQADNPSLIKKELVKMVQDVLRPAWIELVS
T4Rnl2,YP_009167546.1,0.995630026,MFKKYSSLENHYNSKFIEKLYSLGLTGGEWVAREKIHGTNFSLIIERDKVTCAKRTGPILPAEDFFGYEIILKNYADSIKAVQDIMEISAVVSYQVFGEFAGPGIQKNVDYGDKDFYVFDIIVTTESGDVTYVDDYMMESFCNSFGFKIAPLLGRGKFEELIKLPNDLDSVVQDYNFTVDHAGLVDANKCVWNAEAKGEVFTAEGYVLKPCYPSWLPNRNRVAIKCKNSKFSEKKKSDKPIKAKVELSEADNKLVGILACYVTLNRVNNVISKIGEIGPKDFGKVMGLTVQDILEETSREGITLTQADNPSLIKKELVKMVQDVLRPAWIELVS
T4Rnl2,YP_002854132.1,0.995630026,MFKKYSSLENHYNSKFIEKLYSLGLTGGEWVAREKIHGTNFSLIIERDKVTCAKRTGPILPAEDFFGYEIILKNYADSIKAVQDIMEISAVVSYQVFGEFAGPGIQKNVDYGDKDFYVFDIIVTTESGDVTYVDDYMMESFCNSFGFKIAPLLGRGKFEELIKLPNDLDSVVQDYNFTVDHAGLVDANKCVWNAEAKGEVFTAEGYVLKPCYPSWLPNRNRVAIKCKNSKFSEKKKSDKPIKAKVELSEADNKLVGILACYVTLNRVNNVISKIGEIGPKDFGKVMGLTVQDILEETSREGITLTQADNPSLIKKELVKMVQDVLRPAWIELVS
