Query,Protein ID,Score,Sequence,Name
T4Rnl2,NP_049790.1,0.999996722,MFKKYSSLENHYNSKFIEKLYSLGLTGGEWVAREKIHGTNFSLIIERDKVTCAKRTGPILPAEDFFGYEIILKNYADSIKAVQDIMETSAVVSYQVFGEFAGPGIQKNVDYCDKDFYVFDIIVTTESGDVTYVDDYMMESFCNTFKFKMAPLLGRGKFEELIKLPNDLDSVVQDYNFTVDHAGLVDANKCVWNAEAKGEVFTAEGYVLKPCYPSWLRNGNRVAIKCKNSKFSEKKKSDKPIKAKVELSEADNKLVGILACYVTLNRVNNVISKIGEIGPKDFGKVMGLTVQDILEETSREGITLTQADNPSLIKKELVKMVQDVLRPAWIELVS,"RNA ligase 2, Rnl2"
,YP_009098560.1,0.999549806,MFKKYSSLENHYNSKFIEKLYSLGLTGGEWVAREKIHGTNFSLIIERDKVTCAKRTGPILPAEDFFGYEIILKNYADSIKAVQDIMETSAVVSYQVFGEFAGPGIQKNVDYGDKDFYVFDIIVTTESGDVTYVDDYMMESFCNTFKFKMAPLLGRGKFEELIKLPNDLDSVVQDYNFTVDHAGLVDANKCVWNAEAKGEVFTAEGYVLKPCYPSWLRNGNRVAIKCKNSKFSEKKKSDKPIKAKVELSEADNKLVGILACYVTLNRVNNVISKIGEIGPKDFGKVMGLTVQDILEETSREGITLTQADNPSLIKKELVKMVQDVLRPAWIELVS,"RNA ligase 2, Rnl2"
,YP_010075982.1,0.999159217,MFKKYSSLENHYNSKFIEKLYSLGLTGGEWVAREKIHGTNFSLIIERDKVTCAKRTGPILPAEDFFGYEIILKNYSDSIKAVQDIMETSAVVSYQVFGEFAGPGIQKNVDYGDKDFYVFDIIVTTESGDVTYVDDYMMESFCNTFKFKMAPLLGRGKFEELIKLPNDLDSVVQDYNFTVDHAGLVDANKCVWNAEAKGEVFTAEGYVLKPCYPSWLRNGNRVAIKCKNSKFSEKKKSDKPIKAKVELSEADNKLVGILACYVTLNRVNNVISKIGEIGPKDFGKVMGLTVQDILEETSREGITLTQADNPSLIKKELVKMVQDVLRPAWIELVS,"RNA ligase 2, Rnl2"
,YP_010071381.1,0.99904418,MFKKYSSLENHYNSKFIEKLYSLGLTGGEWVAREKIHGTNFSLIIERDKVTCAKRTGPILPAEDFFGYEIILKNYADSIKAVQDIMETSAVVSYQVFGEFAGPGIQKNVDYGDKDFYVFDIIVTTESGDVTYVDDYMMESFCNTFKFKMAPLLGRGKFEELIKLPNDLDSVVQDYNFTVDHAGLVDANKCVWNAEAKGEVFTAEGYVLKPCYPSWMPNGNRVAIKCKNSKFSEKKKSDKPIKAKVELSEADNKLVGILACYVTLNRVNNVISKIGEIGPKDFGKVMGLTVQDILEETSREGITLTQADNPSLIKKELVKMVQDVLRPAWIELVS,"RNA ligase 2, Rnl2"
,YP_010073193.1,0.998978019,MFKKYSSLENHYNSKFIEKLYSLGLTGGEWVAREKIHGTNFSLIIERDKVTCAKRTGPILPAEDFFGYEIILKNYADSIKAVQDIMETSAVVSYQVFGEFAGPGIQKNVDYGDKDFYVFDIIVTTESGDVTYVDDYMMESFCNTFKFKMAPLLGRGKFEELIKLPNDLDSVVQDYNFTVDHAGLVDANKCVWNAEAKGEVFTAEGYVLKPCYPSWLHNGNRVAIKCKNSKFSEKKKSDKPIKAKVELSEADNKLVGILACYVTLNRVNNVISKIGEIGPKDFGKVMGLTVQDILEETSREGITLAQADNPSLIKKELVKMVQDVLRPAWIELVS,"RNA ligase 2, Rnl2"
,YP_010072465.1,0.998826385,MFKKYSSLENHYNSKFIEKLYSLGLTGGEWVAREKIHGTNFSLIIERDKVTCAKRTGPILPAEDFFGYEIILKNYADSIKAVQDIMETSAVVSYQVFGEFAGPGIQKNVDYGDKDFYVFDIIVTTESGDVTYVDDYMMESFCNTFKFKMAPLLGRGKFEELIKLPNDLDSVVQDYNFTVDHAGLVDANKCVWNAEVKGEVFTAEGYVLKPCYPSWMPNGNRVAIKCKNSKFSEKKKSDKPIKAKVELSEADNKLVGILACYVTLNRVNNVISKIGEIGPKDFGKVMGLTVQDILEETSREGITLTQADNPSLIKKELVKMVQDVLRPAWIELVS,"RNA ligase 2, Rnl2"
,YP_010069469.1,0.998795152,MFKKYSSLENHYNSKFIEKLYSLGLTGGEWVAREKIHGTNFSLIIERDKVTCAKRTGPILPAEDFFGYEIILKNYADSIKAVQDIMETSAVVSYQVFGEFAGPGIQKNVDYGDKDFYVFDIIVTTESGDVTYVDDYMMESFCNTFKFKMAPLLGRGKFEELIKLPNDLDSVVQDYNFTVDHAGLVDANKCVWNAEAKGEVFTAEGYVLKPCYPSWLPNRNRVAIKCKNSKFSEKKKSDKPIKAKVELSEADNKLVGILACYVTLNRVNNVISKIGEIGPKDFGKVMGLTVQDILEETSREGITLTQADNPSLIKKELVKMVQDVLRPAWIELVS,"RNA ligase 2, Rnl2"
,YP_010067058.1,0.998795152,MFKKYSSLENHYNSKFIEKLYSLGLTGGEWVAREKIHGTNFSLIIERDKVTCAKRTGPILPAEDFFGYEIILKNYADSIKAVQDIMETSAVVSYQVFGEFAGPGIQKNVDYGDKDFYVFDIIVTTESGDVTYVDDYMMESFCNTFKFKMAPLLGRGKFEELIKLPNDLDSVVQDYNFTVDHAGLVDANKCVWNAEAKGEVFTAEGYVLKPCYPSWLPNRNRVAIKCKNSKFSEKKKSDKPIKAKVELSEADNKLVGILACYVTLNRVNNVISKIGEIGPKDFGKVMGLTVQDILEETSREGITLTQADNPSLIKKELVKMVQDVLRPAWIELVS,"RNA ligase 2, Rnl2"
,YP_010067322.1,0.998795152,MFKKYSSLENHYNSKFIEKLYSLGLTGGEWVAREKIHGTNFSLIIERDKVTCAKRTGPILPAEDFFGYEIILKNYADSIKAVQDIMETSAVVSYQVFGEFAGPGIQKNVDYGDKDFYVFDIIVTTESGDVTYVDDYMMESFCNTFKFKMAPLLGRGKFEELIKLPNDLDSVVQDYNFTVDHAGLVDANKCVWNAEAKGEVFTAEGYVLKPCYPSWLPNRNRVAIKCKNSKFSEKKKSDKPIKAKVELSEADNKLVGILACYVTLNRVNNVISKIGEIGPKDFGKVMGLTVQDILEETSREGITLTQADNPSLIKKELVKMVQDVLRPAWIELVS,"RNA ligase 2, Rnl2"
,YP_010065546.1,0.998795152,MFKKYSSLENHYNSKFIEKLYSLGLTGGEWVAREKIHGTNFSLIIERDKVTCAKRTGPILPAEDFFGYEIILKNYADSIKAVQDIMETSAVVSYQVFGEFAGPGIQKNVDYGDKDFYVFDIIVTTESGDVTYVDDYMMESFCNTFKFKMAPLLGRGKFEELIKLPNDLDSVVQDYNFTVDHAGLVDANKCVWNAEAKGEVFTAEGYVLKPCYPSWLPNRNRVAIKCKNSKFSEKKKSDKPIKAKVELSEADNKLVGILACYVTLNRVNNVISKIGEIGPKDFGKVMGLTVQDILEETSREGITLTQADNPSLIKKELVKMVQDVLRPAWIELVS,"RNA ligase 2, Rnl2"
,YP_010074118.1,0.998795152,MFKKYSSLENHYNSKFIEKLYSLGLTGGEWVAREKIHGTNFSLIIERDKVTCAKRTGPILPAEDFFGYEIILKNYADSIKAVQDIMETSAVVSYQVFGEFAGPGIQKNVDYGDKDFYVFDIIVTTESGDVTYVDDYMMESFCNTFKFKMAPLLGRGKFEELIKLPNDLDSVVQDYNFTVDHAGLVDANKCVWNAEAKGEVFTAEGYVLKPCYPSWLPNRNRVAIKCKNSKFSEKKKSDKPIKAKVELSEADNKLVGILACYVTLNRVNNVISKIGEIGPKDFGKVMGLTVQDILEETSREGITLTQADNPSLIKKELVKMVQDVLRPAWIELVS,"RNA ligase 2, Rnl2"
,YP_009290443.1,0.998795152,MFKKYSSLENHYNSKFIEKLYSLGLTGGEWVAREKIHGTNFSLIIERDKVTCAKRTGPILPAEDFFGYEIILKNYADSIKAVQDIMETSAVVSYQVFGEFAGPGIQKNVDYGDKDFYVFDIIVTTESGDVTYVDDYMMESFCNTFKFKMAPLLGRGKFEELIKLPNDLDSVVQDYNFTVDHAGLVDANKCVWNAEAKGEVFTAEGYVLKPCYPSWLPNRNRVAIKCKNSKFSEKKKSDKPIKAKVELSEADNKLVGILACYVTLNRVNNVISKIGEIGPKDFGKVMGLTVQDILEETSREGITLTQADNPSLIKKELVKMVQDVLRPAWIELVS,"RNA ligase 2, Rnl2"
,YP_009197280.1,0.998795152,MFKKYSSLENHYNSKFIEKLYSLGLTGGEWVAREKIHGTNFSLIIERDKVTCAKRTGPILPAEDFFGYEIILKNYADSIKAVQDIMETSAVVSYQVFGEFAGPGIQKNVDYGDKDFYVFDIIVTTESGDVTYVDDYMMESFCNTFKFKMAPLLGRGKFEELIKLPNDLDSVVQDYNFTVDHAGLVDANKCVWNAEAKGEVFTAEGYVLKPCYPSWLPNRNRVAIKCKNSKFSEKKKSDKPIKAKVELSEADNKLVGILACYVTLNRVNNVISKIGEIGPKDFGKVMGLTVQDILEETSREGITLTQADNPSLIKKELVKMVQDVLRPAWIELVS,"RNA ligase 2, Rnl2"
,YP_010065973.1,0.998795152,MFKKYSSLENHYNSKFIEKLYSLGLTGGEWVAREKIHGTNFSLIIERDKVTCAKRTGPILPAEDFFGYEIILKNYADSIKAVQDIMETSAVVSYQVFGEFAGPGIQKNVDYGDKDFYVFDIIVTTESGDVTYVDDYMMESFCNTFKFKMAPLLGRGKFEELIKLPNDLDSVVQDYNFTVDHAGLVDANKCVWNAEAKGEVFTAEGYVLKPCYPSWLPNRNRVAIKCKNSKFSEKKKSDKPIKAKVELSEADNKLVGILACYVTLNRVNNVISKIGEIGPKDFGKVMGLTVQDILEETSREGITLTQADNPSLIKKELVKMVQDVLRPAWIELVS,"RNA ligase 2, Rnl2"
,YP_009153775.1,0.998795152,MFKKYSSLENHYNSKFIEKLYSLGLTGGEWVAREKIHGTNFSLIIERDKVTCAKRTGPILPAEDFFGYEIILKNYADSIKAVQDIMETSAVVSYQVFGEFAGPGIQKNVDYGDKDFYVFDIIVTTESGDVTYVDDYMMESFCNTFKFKMAPLLGRGKFEELIKLPNDLDSVVQDYNFTVDHAGLVDANKCVWNAEAKGEVFTAEGYVLKPCYPSWLPNRNRVAIKCKNSKFSEKKKSDKPIKAKVELSEADNKLVGILACYVTLNRVNNVISKIGEIGPKDFGKVMGLTVQDILEETSREGITLTQADNPSLIKKELVKMVQDVLRPAWIELVS,"RNA ligase 2, Rnl2"
,YP_009030783.1,0.998672843,MFKKYSSLENHYNSKFIEKLYSLGLTGGEWVAREKIHGTNFSLIIERDKVTCAKRTGPILPAEDFFGYEIILKNYADSIKAVQDIMETSAVVSYQVFGEFAGPGIQKNVDYGDKDFYVFDIIVTTESGDVTYVDDYMMESFCNTFKFKMAPLLGRGKFEELIKLPNDLDSVVQDYNFTVDHAGLVDANKCVWNAEAKGEVFTAEGYVLKPCYPSWLRNGNRVAIKCKNSKFSEKKKSDKPIKAKVELSEANNKLVGILACYVTLNRVNNVISKIGEIGPKDFGKVMGLTVQDILEETSREGITLTQADNPSLIKKELVKMVQDVLRPAWIELVS,"RNA ligase 2, Rnl2"
,YP_010076375.1,0.998663962,MFKKYSSLENHYNSKFIEKLYSLGLTGGEWVAREKIHGTNFSLIIERDKVTCAKRTGPILPAEDFFGYEIILKNYADSIKAVQDIMETSAVVTYQVFGEFAGPGIQKNVDYGDKDFYVFDIIVTTESGDVTYVDDYMMESFCNTFKFKMAPLLGRGKFEELIKLPNDLDSVVQDYNFTVDHAGLVDANKCVWNAEAKGEVFTAEGYVLKPCYPSWLPNRNRVAIKCKNSKFSEKKKSDKPIKAKVELSEADNKLVGILACYVTLNRVNNVISKIGEIGPKDFGKVMGLTVQDILEETSREGITLTQADNPSLIKKELVKMVQDVLRPAWIELVS,"RNA ligase 2, Rnl2"
,YP_009614828.1,0.998659074,MFKKYSSLENHYNSKFIEKLYSLGLAGGEWVAREKIHGTNFSLIIERDKVTCAKRTGPILPAEDFFGYEIILKNYADSIKAVQDIMETSAVVSYQVFGEFAGPGIQKNVDYGDKDFYVFDIIVTTESGDVTYVDDYMMESFCNTFKFKMAPLLGRGKFEELIKLPNDLDSVVQDYNFTVDHAGLVDANKCVWNAEAKGEVFTAEGYVLKPCYPSWLPNRNRVAIKCKNSKFSEKKKSDKPIKAKVELSEADNKLVGILACYVTLNRVNNVISKIGEIGPKDFGKVMGLTVQDILEETSREGITLTQADNPSLIKKELVKMVQDVLRPAWIELVS,"RNA ligase 2, Rnl2"
,YP_009167991.1,0.998646319,MFKKYSSLENHYNSKFIEKLYSLGLTGGEWVAREKIHGTNFSLIIERDKVTCAKRTGPILPAEDFFGYEIILKNYADSIKAVQDIMETSAVVSYQVFGEFAGPGIQKNVDYGDKDFYVFDIIVTTESGDMTYVDDYMMESFCNTFKFKMAPLLGRGKFEELIKLPNDLDSVVQDYNFTVDHAGLVDANKCVWNAEAKGEVFTAEGYVLKPCYPSWLPNRNRVAIKCKNSKFSEKKKSDKPIKAKVELSEADNKLVGILACYVTLNRVNNVISKIGEIGPKDFGKVMGLTVQDILEETSREGITLTQADNPSLIKKELVKMVQDVLRPAWIELVS,"RNA ligase 2, Rnl2"
,YP_007004917.1,0.998646319,MFKKYSSLENHYNSKFIEKLYSLGLTGGEWVAREKIHGTNFSLIIERDKVTCAKRTGPILPAEDFFGYEIILKNYADSIKAVQDIMETSAVVSYQVFGEFAGPGIQKNVDYGDKDFYVFDIIVTTESGDMTYVDDYMMESFCNTFKFKMAPLLGRGKFEELIKLPNDLDSVVQDYNFTVDHAGLVDANKCVWNAEAKGEVFTAEGYVLKPCYPSWLPNRNRVAIKCKNSKFSEKKKSDKPIKAKVELSEADNKLVGILACYVTLNRVNNVISKIGEIGPKDFGKVMGLTVQDILEETSREGITLTQADNPSLIKKELVKMVQDVLRPAWIELVS,"RNA ligase 2, Rnl2"
,YP_009277549.1,0.998567998,MFKKYSSLENHYNSKFIEKLYSLGLTGGEWVAREKIHGTNFSLIIERDKVTCAKRTGPILPAEDFFGYEIILKNYEDSIKAVQDIMETSAVVSYQVFGEFAGPGIQKNVDYGDKDFYVFDIIVTTESGDVTYVDDYMMESFCNTFKFKMAPLLGRGKFEELIKLPNDLDSVVQDYNFTVDHAGLVDANKCIWNAEAKGEVFTAEGYVLKPCYPSWLHNGNRVAIKCKNSKFSEKKKSDKPIKAKVELSEADNKLVGILACYVTLNRVNNVISKIGEIGPKDFGKVMGLTVQDILEETSREGITLTQADNPSLVKKELVKMVQDVLRPAWIELVS,"RNA ligase 2, Rnl2"
,YP_007004553.1,0.998550117,MFKKYSSLENHYNSKFIEKLYSLGLTGGEWVAREKIHGTNFSLIIERDKVTCAKRTGPILPAEDFFGYEIILKNYADSIKAVQDIMETSAVVSYQVFGEFAGPGIQKNVDYGDKDFYVFDIIVTTESGDVTYVDDYMMESFCNTFKFKMAPLLGRGKFEELIKLPNDLDSVVQDYNFTVDHAGLVDANKCVWNAEAKGEVFTAEGYVLKPCYPSWLPNRNRVAIKCKNSKFSEKKKSDKPIKAKVELSEADNKLVGILACYVTLNRVNNVISKIGEIGPKDFGKVMGLTVQDILEETSREGITLAQADNPSLIKKELVKMVQDVLRPAWIELVS,"RNA ligase 2, Rnl2"
,YP_010074379.1,0.998550117,MFKKYSSLENHYNSKFIEKLYSLGLTGGEWVAREKIHGTNFSLIIERDKVTCAKRTGPILPAEDFFGYEIILKNYADSIKAVQDIMETSAVVSYQVFGEFAGPGIQKNVDYGDKDFYVFDIIVTTESGDVTYVDDYMMESFCNTFKFKMAPLLGRGKFEELIKLPNDLDSVVQDYNFTVDHAGLVDANKCVWNAEAKGEVFTAEGYVLKPCYPSWLPNRNRVAIKCKNSKFSEKKKSDKPIKAKVELSEADNKLVGILACYVTLNRVNNVISKIGEIGPKDFGKVMGLTVQDILEETSREGITLAQADNPSLIKKELVKMVQDVLRPAWIELVS,"RNA ligase 2, Rnl2"
,YP_010065819.1,0.99843663,MFKKYSSLENHYNSKFIEKLYSLGLTGGEWVAREKIHGTNFSLIIERDKVTCAKRTGPILPAEDFFGYEIILKNYADSIKAVQDIMETSAVVSYQVFGEFAGPGIQKNVDYGDKDFYVFDIIVTTESGDVTYVDDYVMESFCNTFKFKMAPLLGRGKFEELIKLPNDLDSVVQDYNFTVDHAGLVDANKCVWNAEAKGEVFTAEGYVLKPCYPSWLPNRNRVAIKCKNSKFSEKKKSDKPIKAKVELSEADNKLVGILACYVTLNRVNNVISKIGEIGPKDFGKVMGLTVQDILEETSREGITLTQADNPSLIKKELVKMVQDVLRPAWIELVS,"RNA ligase 2, Rnl2"
,YP_010077676.1,0.998428822,MFKKYSSLENHYNSKFIEKLYSLGLTGGEWVAREKIHGTNFSLIIERDKVTCAKRTGPILPAEDFFGYEIILKNYEDSIKAVQDIMETSAVVSYQVFGEFAGPGIQKNVDYGDKDFYVFDIIVTTESGDVTYVDDYMMESFCNTFKFKMAPLLGRGKFEELIKLPNDLDSVVQDYNFTVDHAGLVDANKCVWKAEAKGEVFTAEGYVLKPCYPSWLHNGNRVAIKCKNSKFSEKKKSDKPIKAKVELSEADNKLVGILACYVTLNRVNNVISKIGEIGPKDFGKVMGLTVQDILEETSREGITLTQADNPSLVKKELVKMVQDVLRPAWIELVS,"RNA ligase 2, Rnl2"
,YP_009102379.1,0.998370767,MFKKYSSLENHYNSKFIEKLYSLGLTGGEWVAREKIHGTNFSLIIERDKVTCAKRTGPILPAEDFFGYEIILKNYADSIKAVQDIMETSAVVSYQVFGEFAGPGIQKNVDYGDKDFYVFDIIVTTESGDVTYVDDYMMESFCNTFKFKMAPLLGRGKFEELIKLPNDLDSVVQDYNFTVDHAGLVDANKCVWNAEAKGEVFTAEGYVLKPCYPSWLPNRNRVAIKCKNSKFSEKKKFDKPIKAKVELSEADNKLVGILACYVTLNRVNNVISKIGEIGPKDFGKVMGLTVQDILEETSREGITLTQADNPSLIKKELVKMVQDVLRPAWIELVS,"RNA ligase 2, Rnl2"
,YP_009618985.1,0.998320997,MFKKYSSLENHYNSKFIEKLYSLGLTGGEWVAREKIHGTNFSLIIERDKVTCAKRTGPILPAEDFFGHEIILKNYADSIKAVQDIMETSAVVSYQVFGEFAGPGIQKNVDYGDKDFYVFDIIVTTESGDVTYVDDYMMESFCNTFKFKMAPLLGRGKFEELIKLPNDLDSVVQDYNFTVDHAGLVDANKCVWNAEVKGEVFTAEGYVLKPCYPSWMPNGNRVAIKCKNSKFSEKKKSDKPIKAKVELSEADNKLVGILACYVTLNRVNNVISKIGEIGPKDFGKVMGLTVQDILEETSREGITLTQADNPSLIKKELVKMVQDVLRPAWIELVS,"RNA ligase 2, Rnl2"
,YP_010091481.1,0.998269796,MFKKYSSLENHYNSKFIEKLYSLGLTGGEWVAREKIHGTNFSLIIERDKVTCAKRTGPILPAEDFFGYEIILKNYSDSIKAVQDIMETSAVVSYQVFGEFAGPGIQKNVDYGDKDFYVFDIIVTTESGDVTYVDDYMMESFCNTFKFKMAPLLGRGKFEELIKLPNDLDSVVQDYNFTVDHAGLVDANKCVWNAEVKGEVFTAEGYVLKPCYPSWMPNGNRVAIKCKNSKFSEKKKSDKPIKAKVELSEADNKLVGILACYVTLNRVNNVISKIGEIGPKDFGKVMGLTVQDILEETSREGITLTQADNPSLIKKELVKMVQDVLRPAWIELVS,"RNA ligase 2, Rnl2"
,YP_010228784.1,0.998269796,MFKKYSSLENHYNSKFIEKLYSLGLTGGEWVAREKIHGTNFSLIIERDKVTCAKRTGPILPAEDFFGYEIILKNYSDSIKAVQDIMETSAVVSYQVFGEFAGPGIQKNVDYGDKDFYVFDIIVTTESGDVTYVDDYMMESFCNTFKFKMAPLLGRGKFEELIKLPNDLDSVVQDYNFTVDHAGLVDANKCVWNAEVKGEVFTAEGYVLKPCYPSWMPNGNRVAIKCKNSKFSEKKKSDKPIKAKVELSEADNKLVGILACYVTLNRVNNVISKIGEIGPKDFGKVMGLTVQDILEETSREGITLTQADNPSLIKKELVKMVQDVLRPAWIELVS,"RNA ligase 2, Rnl2"
,YP_009102648.1,0.998258114,MFKKYSSLENHYNSKFIEKLYSLGLTGGEWVAREKIHGTNFSLIIERDKVTCAKRTGPILPAEDFFGYEIILKNYADSIKAVQDIMETSAVVSYQVFGEFAGPGIQKNVDYGDKDFYVFDIIVTTESGDVTYVDDYMMESFCNTFKFKMAPLLGRGKFEELIKLPNDLDSVVQDYNFTVDHAGLVDANKCIWNAEAKGEVFTAEGYVLKPCYPSWLPNRNRVAIKCKNSKFSEKKKSDKPIKAKVELSEADNKLVGILACYVTLNRVNNVISKIGEIGPKDFGKVMGLTVQDILEETSREGIILTQADNPSLIKKELVKMVQDVLRPAWIELVS,"RNA ligase 2, Rnl2"
,YP_009110995.1,0.998224378,MFKKYSSLENHYNSKFIEKLYSLGLTGGEWVAREKIHGTNFSLIIERDKVTCAKRTGPILPAEDFFGYEIILKNYADSIKAVQDIMETSAVVSYQVFGEFAGPGIQKNVDYGDKDFYVFDIIVTTESGDVTYVDDYMMESFCNTFKFKMAPLLGRGKFEELIKLPNDLDSVVQDYNFTVDHAGLVDANKCVWNAEAKCEVFTAEGYVLKPCYPSWLPNRNRVAIKCKNSKFSEKKKSDKPIKAKVELSEADNKLVGILACYVTLNRVNNVISKIGEIGPKDFGKVMGLTVQDILEETSREGITLTQADSPSLVKKELVKMVQDVLRPAWIELVS,"RNA ligase 2, Rnl2"
,YP_010070278.1,0.998173535,MFKKYSSLENHYNSKFIEKLYSLGLTGGEWVAREKIHGTNFSLIIERDKVTCAKRTGPILPAEDFFGYEIILKNYEDSIKAVQDIMETSAVVSYQVFGEFAGPGIQKNVDYGDKDFYVFDIIVTTESGDVTYVDDYMMESFCNTFKFKMAPLLGRGKFEELIKLPNDLDSVVQDYNFTVDHAGLVDANKCVWKAEAKGEVFTAEGYVLKPCYPSWLHNGNRVAIKCKNSKFSEKKKSDKPIKAKVELSEADNKLVGILACYVTLNRVNNVISKIGEIGPKDFGKVMGLTVQDILEETSREGITLTRADNPSLVKKELVKMVQDVLRPAWIELVS,"RNA ligase 2, Rnl2"
,YP_010077167.1,0.998101056,MFKKYSSLENHYNSKFIEKLYSLGLTGGEWVAREKIHGTNFSLIIERDKVTCAKRTGPILPAEDFFGYEIILKNYEDSIKAVQDIMETSAVVSYQVFGEFAGPGIQKNVDYGDKDFYVFDIIVTTESGDVTYVDDYMMESFCNTFKFKMAPLLGRGKFEELIKLPNDLDSVVQDYNFTVDHAGLVDANKCVWNAEAKGEVFTAEGYVLKPCYPSWLPNRNRVAIKCKNSKFSEKKKSDKPIKAKVELSEADNKLVGILACYVTLNRVNNVISKIGEIGPKDFGKVMGLTVQDILEETSREGITLTQADNPSLVKKELVKMVQDVLRPAWIELVS,"RNA ligase 2, Rnl2"
,YP_010069198.1,0.997976124,MFKKYSSLENHYNSKFIEKLYSLGLTGGEWVAREKIHGTNFSLIIERDKVTCAKRTGPILPAEDFFGYEIILKNYSDSIKAVQDIMETSAVVSYQVFGEFAGSGIQKNVDYGDKDFYVFDIIVTTESGDVTYVDDYMMESFCNTFKFKMAPLLGRGKFEELIKLPNDLDSVVQDYNFTVDHAGLVDANKCVWNAEVKGEVFTAEGYVLKPCYPSWMPNGNRVAIKCKNSKFSEKKKSDKPIKAKVELSEADNKLVGILACYVTLNRVNNVISKIGEIGPKDFGKVMGLTVQDILEETSREGITLTQADNPSLIKKELVKMVQDVLRPAWIELVS,"RNA ligase 2, Rnl2"
,YP_010070829.1,0.997958899,MFKKYSSLENHYNSKFIEKLYSLGLTGGEWVAREKIHGTNFSLIIERDKVTCAKRTGPILPAEDFFGYEIILKNYEDSIKAVQDIMETSAVVSYQVFGEFAGPGIQKNVDYGDKDFYVFDIIVTTESGDVTYVDDYMMESFCNTFKFKMAPLLGRGKFEELIKLPNDLDSVVQDYNFTVDHAGLVDANKCVWKAEAKGEVFTAEGYVLKPCYPSWLHNGNRVAIKCKNSKFSEKKKSDKPIKAKVELSEADNKLVGILACYVTLNRVNNVISKIGEIGPKDFGKVMGLTVQDILEETSREGITLTQADNPSLVKKELVKMVQDVLRPTWIELVS,"RNA ligase 2, Rnl2"
,YP_010072188.1,0.997722924,MFKKYSSLENHYNSKFIEKLYSLGLTGGKWVAREKIHGTNFSLIIERDKVTCAKRTGPILPAEDFFGYEIILKNYSDSIKAVQDIMETSAVVSYQVFGEFAGPGIQKNVDYGDKDFYVFDIIVTTESGDVTYVDDYMMESFCNTFKFKMAPLLGRGKFEELIKLPNDLDSVVQDYNFTVDHAGLVDANKCVWNAEVKGEVFTAEGYVLKPCYPSWMPNGNRVAIKCKNSKFSEKKKSDKPIKAKVELSEADNKLVGILACYVTLNRVNNVISKIGEIGPKDFGKVMGLTVQDILEETSREGITLTQADNPSLIKKELVKMVQDVLRPAWIELVS,"RNA ligase 2, Rnl2"
,YP_010074900.1,0.997706234,MFKKYSSLENHYNSKFIEKLYSLGLTGGEWVAREKIHGTNFSLIIERDKVTCAKRTGPILPAEDFFGYEIILKNYSDSIKAVQDIMETSAVVSYQVFGEFAGPGIQKNVDYGDKDFYVFDIIVTTESGDVTYVDDYMMESFCNTFKFKMAPLLGHGKFEELIKLPNDLDSVVQDYNFTVDHAGLVDANKCVWNAEVKGEVFTAEGYVLKPCYPSWMPNGNRVAIKCKNSKFSEKKKSDKPIKAKVELSEADNKLVGILACYVTLNRVNNVISKIGEIGPKDFGKVMGLTVQDILEETSREGITLTQADNPSLIKKELVKMVQDVLRPAWIELVS,"RNA ligase 2, Rnl2"
,YP_010099740.1,0.997657597,MFKKYSSLENHYNSKFIEKLYSLGLTGGEWVAREKIHGTNFSLIIERDKVTCAKRTGPILPTEDFFGYEIILKNYADSIKAVQDIMETSAVVSYQVFGEFAGPGIQKNVDYGDKDFYVFDIIVTTESGDVTYVDDYMMESFCNTFKFKMAPLLGRGKFEELIKLPNDLDSVVQDYNFTVDHAGLVDANKCVWNAEAKGEVFTAEGYVLKPCYPSWLPNRNRVAIKCKNSKFSEKKKSDKPIKVKVELSEADNKLVGILACYVTLNRVNNVISKIGEISPKDFGKVMGLTVQDILEETSREGITLTQADNPSLVKKELVKMVQDVLRPAWIELVS,"RNA ligase 2, Rnl2"
,YP_010076791.1,0.997497678,MFKKYSSLENHYNSKFIEKLYSLGLTGGEWVAREKIHGTNFSLIIERDKVTCAKRTGPILPAEDFFGYEIILKNYDDSIKAVQDIMETSAVVSYQVFGEFAGPGIQKNVDYGDKDFYVFDIIVTMESGDVTYVDDYMMESFCNTFKFKIAPLLGRGKFEELIKLPNDLDSVVQDYNFTVDHAGLVDANKCVWNAEAKGEVFTAEGYVLKPCYPSWMPNGNRVAIKCKNSKFSEKKKSDKPIKVKVELSEADNKLVGILACYVTLNRVNNVISKIGEIGPKDFGKVMGLTVQDILEETSREGITLTQADNPSLIKKELVKMVQDVLRPAWIELVS,"RNA ligase 2, Rnl2"
,YP_010075070.1,0.997451127,MFKKYSSLENHYNSKFIEKLYSLGLTGGEWVAREKIHGTNFSLIIERDKATCAKRTGPILPAEDFFGYEIILKNYADSIKAVQDIMETSAVVSYQVFGEFAGPGIQKNVDYGDKDFYVFDIIVTTESGDVTYVDDYMMESFCNTFKFKMAPLLGRGKFEELIKLPNDLDSVVQDYNFTVDHAGLVDANKCVWNAEAKGEVFTAEGYVLKPCYPSWLHNGNRVAIKCKNSKFSEKKKSDKPIKVKVELSEADNKLVGILACYVTLNRVNNVISKIGEIGPKDFGKVMGLTVQDILEETSREGITLTQADNPSLIKKELVKMVQDVLRPAWIELVS,"RNA ligase 2, Rnl2"
,YP_010074591.1,0.997282803,MFKKYSSLENHYNSKFIEKLYSLGLTGGEWVAREKIHGTNFSLIIERDKVTCAKRTGPILPAEDFFGYEIILKNYADSIKAVQDIMETSAVVSYQVFGEFAGPGIQKNVDYGDKDFYVFDIIVTTESGDVTYVDDYMMESFCNTFKFKMAPLLGRGKFEELIKLQNDLDSVVQDYNFTVDHAGLVDANKCVWNAEAKGEVFTAEGYVLKPCYPSWLRNGNRVAIKCKNSKFSEKKKSDKPIKAKVELSEADNKLVGILACYVTLNRVNNVISKIGEIGPKDFGKVMGLTVQDILEETSREGITLTQADNPSLIKKELVKMVQDVLRPAWIELVS,"RNA ligase 2, Rnl2"
,YP_010071648.1,0.997178257,MFKKYSSLENHYNSKFIEKLYSLGLTGGEWVAREKIHGTNFSLIIERDKVTYAKRTGPIIPAEDFFGYEIILKNYADSIKAVQDIMETSAVVSYQVFGEFAGPGIQKNVDYGDKDFYVFDIIVTTESGDVTYVDDYMMESFCNTFKFKMAPLLGRGKFEELIKLPNDLDSVVQDYNFTVDHAGLVDANKCVWNAEAKGEVFTAEGYVLKPCYPSWLPNRNRVAIKCKNSKFSEKKKSDKPIKAKVELSEADNKLVGILACYVTLNRVNNVISKIGEIGPKDFGKVMGLTVQDILEETSREGITLTQADNPSLVKKELVKMVQDVLRPAWIELVS,"RNA ligase 2, Rnl2"
,YP_010278302.1,0.99705416,MFKKYSSLENHYNSKFIEKLYSLGLTGGEWVAREKIHGTNFSLIIERDKATCAKRTGPILPAEDFFGYEIILKNYADSIKAVQDIMETSAVVSYQVFGEFAGPGIQKNVDYGDKDFYVFDIIVTTESGDVTYVDDYMMESFCNTFKFKMAPLLGRGKFEELIKLPNDLDSVVQDYNFTVDHAGLVDANKCVWNAEAKGEVFTAEGYVLKPCYPSWMPNGNRVAIKCKNSKFSEKKKSDKPIKAKVELSEADNKLVGILACYVTLNRVNNVISKIGEIGPKDFGKVMGLTVQDILEETSREGITLTQADNPSLIKKELVKMVQDVLRPAWIELVS,"RNA ligase 2, Rnl2"
,YP_010069736.1,0.996853173,MFKKYSSLENHYNSKFIEKLYSLGLTGGEWVAREKIHGTNFSLIIERDKATCAKRTGPILPAEDFFGYEIILKNYADSIKAVQDIMETSAVVSYQVFGEFAGPGIQKNVDYGDKDFYVFDIIVTTESGDVTYVDDYMMESFCNTFKFKMAPLLGRGKFEELIKLPNDLDSVVQDYNFTVDHAGLVDANKCVWNAEAKGEVFTAEGYVLKPCYPSWMPNGNRVAIKCKNSKFSEKKKSDKPIKAKVELSEADNKLVGILACYVTLNRVNNVISKIGEIGPKDFGKVMGLTVQDILEETSREGITLTQADNPSLVKKELVKMVQDVLRPAWIELVS,"RNA ligase 2, Rnl2"
,YP_010075715.1,0.996199608,MFKKYSSLENHYNSKFIEKLYSLGLTGGEWVAREKIHGTNFSLIIERDKVTCAKRTGPILPAEDFFGYEIILKNYADSIKAVQDIMETSAVVSYQVFGEFAGPGIQKNVDYGDKDFYVFDIIVTTESGDVTYVDDYMMESFCNSFGFKIAPLLGRGKFEELIKLPNDLDSVVQDYNFTVDHAGLVDANKCVWKAEAKGEVFTAEGYVLKPCYPSWLPNRNRVAIKCKNSKFSEKKKSDKPIKAKVELSEADNKLVGILACYVTLNRVNNVISKIGEIGPKDFGKVMGLTVQDILEETSREGITLTQADNPSLVKKELVKMVQDVLRPAWIELVS,"RNA ligase 2, Rnl2"
,YP_010072739.1,0.99591738,MFKKYSSLENHYNSKFIEKLYSLGLTGGEWVAREKIHGTNFSLIIERDKVTCAKRTGPILPAEDFFGYEIILKNYADSIKAVQDIMETSAVVSYQVFGEFAGPGIQKNVDYGDKDFYVFDIIVTTESGDVTYVDDYMMESFCNTFKFKMAPLLGRGKFEELIKLPNDLDSVVQDYNFTVDHAGLVDANKCVWNAEAKGEVFTAEGYVLKPCYPSWMPNGNRVAIKCKNSKFSEKKKSDKPIKAKVELSEADNKLLGILACYVTLNRVNNVISKIGEIGPKDFGKVMGLTVQDILEETSREGITLTQADNPSLIKKELVKMVQDVLRPAWIELVS,"RNA ligase 2, Rnl2"
,YP_009281510.1,0.99591738,MFKKYSSLENHYNSKFIEKLYSLGLTGGEWVAREKIHGTNFSLIIERDKVTCAKRTGPILPAEDFFGYEIILKNYADSIKAVQDIMETSAVVSYQVFGEFAGPGIQKNVDYGDKDFYVFDIIVTTESGDVTYVDDYMMESFCNTFKFKMAPLLGRGKFEELIKLPNDLDSVVQDYNFTVDHAGLVDANKCVWNAEAKGEVFTAEGYVLKPCYPSWMPNGNRVAIKCKNSKFSEKKKSDKPIKAKVELSEADNKLLGILACYVTLNRVNNVISKIGEIGPKDFGKVMGLTVQDILEETSREGITLTQADNPSLIKKELVKMVQDVLRPAWIELVS,"RNA ligase 2, Rnl2"
,YP_010077059.1,0.99581176,MFKKYSSLENHYNSKFIEKLYSLGLTGGEWVAREKIHGTNFSLIIERDKVTCAKRTGPILPAEDFFGYEIILKNYADSIKAVQDIMETSAVVSYQVFGEFAGPGIQKNVDYGDKDFYVFDIIVTTESGGVTYVDDYMMESFCNSFGFKIAPLLGRGKFEDLIKLPNDLDSVVQDYNFTVDHAGLVDANKCVWNAEAKGEVFTAEGYVLKPCYPSWLPNRNRVAIKCKNSKFSEKKKSDKPIKAKVELSEADNKLVGILACYVTLNRVNNVISKIGEIGPKDFGKVMGLTVQDILEETSREGITLTQADNPSLIKKELVKMVQDVLRPAWIELVS,"RNA ligase 2, Rnl2"
,YP_009167546.1,0.995630026,MFKKYSSLENHYNSKFIEKLYSLGLTGGEWVAREKIHGTNFSLIIERDKVTCAKRTGPILPAEDFFGYEIILKNYADSIKAVQDIMEISAVVSYQVFGEFAGPGIQKNVDYGDKDFYVFDIIVTTESGDVTYVDDYMMESFCNSFGFKIAPLLGRGKFEELIKLPNDLDSVVQDYNFTVDHAGLVDANKCVWNAEAKGEVFTAEGYVLKPCYPSWLPNRNRVAIKCKNSKFSEKKKSDKPIKAKVELSEADNKLVGILACYVTLNRVNNVISKIGEIGPKDFGKVMGLTVQDILEETSREGITLTQADNPSLIKKELVKMVQDVLRPAWIELVS,"RNA ligase 2, Rnl2"
,YP_002854132.1,0.995630026,MFKKYSSLENHYNSKFIEKLYSLGLTGGEWVAREKIHGTNFSLIIERDKVTCAKRTGPILPAEDFFGYEIILKNYADSIKAVQDIMEISAVVSYQVFGEFAGPGIQKNVDYGDKDFYVFDIIVTTESGDVTYVDDYMMESFCNSFGFKIAPLLGRGKFEELIKLPNDLDSVVQDYNFTVDHAGLVDANKCVWNAEAKGEVFTAEGYVLKPCYPSWLPNRNRVAIKCKNSKFSEKKKSDKPIKAKVELSEADNKLVGILACYVTLNRVNNVISKIGEIGPKDFGKVMGLTVQDILEETSREGITLTQADNPSLIKKELVKMVQDVLRPAWIELVS,"RNA ligase 2, Rnl2"
